idx,language,theme,gemini,OpenAI,doubao,qwen,perplexity,grok-1,tongyi,avg
39,zh,Software Development,1.000000,1.000000,1.000000,1.000000,1.000000,0.666667,0.777778,0.920635
64,en,Health,0.888889,1.000000,0.777778,1.000000,0.888889,,0.777778,0.888889
102,en,Games,1.000000,0.800000,0.900000,0.900000,0.800000,1.000000,0.800000,0.885714
12,en,Finance & Business,1.000000,1.000000,0.857143,0.714286,0.857143,1.000000,0.714286,0.877551
38,en,Science & Technology,0.833333,1.000000,0.833333,0.833333,0.833333,0.833333,0.833333,0.857143
114,en,Software,0.875000,0.875000,0.750000,0.750000,0.875000,0.750000,0.875000,0.821429
123,zh,Home & Hobbies,0.916667,0.833333,0.750000,0.833333,0.916667,0.750000,0.666667,0.809524
43,zh,Software Development,0.818182,0.818182,0.909091,1.000000,0.545455,0.909091,0.636364,0.805195
59,zh,Education & Jobs,0.909091,0.363636,1.000000,0.818182,1.000000,1.000000,0.545455,0.805195
11,zh,Finance & Business,1.000000,0.750000,0.875000,1.000000,0.625000,0.875000,0.500000,0.803571
70,en,Health,1.000000,0.700000,0.700000,0.900000,0.500000,0.800000,1.000000,0.800000
35,zh,Science & Technology,0.916667,0.666667,0.750000,0.750000,0.750000,0.833333,0.833333,0.785714
22,en,Science & Technology,0.692308,0.846154,0.769231,0.923077,0.692308,0.615385,0.923077,0.780220
13,zh,Finance & Business,1.000000,1.000000,0.833333,0.666667,0.666667,0.833333,0.333333,0.761905
14,en,Finance & Business,0.785714,0.642857,0.857143,0.571429,0.785714,0.857143,0.642857,0.734694
49,zh,Software Development,0.769231,0.846154,0.692308,0.615385,0.769231,0.923077,0.461538,0.725275
16,en,Science & Technology,0.666667,0.916667,0.750000,0.750000,0.500000,0.666667,0.750000,0.714286
76,en,Literature,0.818182,0.727273,0.727273,0.818182,0.545455,0.545455,0.818182,0.714286
56,en,Education & Jobs,0.625000,0.625000,0.625000,0.750000,0.625000,0.750000,0.875000,0.696429
68,en,Health,0.625000,0.750000,0.750000,1.000000,1.000000,0.375000,0.375000,0.696429
47,zh,Software Development,0.833333,0.500000,0.500000,0.916667,0.666667,0.750000,0.666667,0.690476
69,zh,Health,0.833333,0.750000,0.666667,0.916667,0.500000,0.666667,0.500000,0.690476
57,zh,Education & Jobs,0.800000,0.800000,0.800000,0.800000,0.600000,0.500000,0.500000,0.685714
127,zh,Social Life,0.714286,0.714286,0.714286,0.571429,0.714286,0.500000,0.714286,0.663265
71,zh,Health,0.666667,0.888889,0.555556,0.555556,0.777778,0.888889,0.222222,0.650794
119,zh,Travel,0.750000,0.750000,0.625000,0.375000,0.875000,0.625000,0.500000,0.642857
15,zh,Finance & Business,0.800000,0.733333,,0.800000,0.666667,0.533333,0.266667,0.633333
44,en,Software Development,0.800000,0.700000,0.600000,0.700000,0.500000,0.600000,0.500000,0.628571
84,en,History,0.666667,0.583333,0.583333,0.583333,0.583333,0.750000,0.583333,0.619048
24,en,Science & Technology,0.600000,0.733333,0.666667,0.600000,0.600000,0.666667,0.466667,0.619048
72,en,Health,0.666667,0.666667,0.666667,0.555556,0.444444,0.777778,0.444444,0.603175
21,zh,Science & Technology,0.700000,0.800000,0.600000,0.700000,0.500000,0.500000,0.400000,0.600000
92,en,Industrial,0.800000,0.700000,0.800000,0.400000,0.700000,0.600000,0.200000,0.600000
105,zh,Entertainment,0.750000,0.500000,0.250000,0.500000,0.500000,0.500000,1.000000,0.571429
117,zh,Religion,0.461538,0.692308,0.692308,0.615385,0.538462,0.615385,0.384615,0.571429
52,en,Education & Jobs,0.785714,0.571429,0.500000,0.642857,0.571429,0.357143,0.571429,0.571429
77,zh,Literature,0.750000,0.750000,,0.500000,0.500000,0.666667,0.250000,0.569444
40,en,Software Development,0.500000,0.666667,0.666667,0.333333,0.333333,0.666667,0.666667,0.547619
58,en,Education & Jobs,0.500000,0.636364,0.409091,0.545455,0.545455,0.636364,0.545455,0.545455
90,en,Hardware,0.555556,0.444444,0.555556,0.611111,0.555556,0.611111,0.444444,0.539683
30,en,Science & Technology,0.769231,0.692308,0.769231,0.461538,0.384615,0.307692,0.307692,0.527473
19,zh,Science & Technology,0.454545,0.636364,0.727273,0.272727,0.636364,0.454545,0.454545,0.519481
124,en,Home & Hobbies,0.625000,0.375000,0.375000,0.750000,0.625000,0.125000,0.750000,0.517857
60,en,Education & Jobs,0.600000,0.533333,0.400000,0.533333,0.533333,0.600000,0.400000,0.514286
96,en,Industrial,0.454545,0.545455,0.545455,0.727273,0.818182,0.272727,0.181818,0.506494
100,en,Art & Design,0.631579,0.526316,0.368421,0.578947,0.526316,0.421053,0.473684,0.503759
129,zh,Food & Dining,0.583333,0.166667,0.333333,0.666667,0.500000,0.583333,0.666667,0.500000
132,en,Fashion & Beauty,0.571429,0.642857,0.357143,0.857143,0.285714,0.357143,0.428571,0.500000
75,zh,Literature,0.375000,0.625000,0.750000,0.500000,0.375000,0.500000,0.375000,0.500000
86,en,Hardware,0.857143,,0.571429,0.142857,0.714286,0.428571,0.285714,0.500000
88,en,Hardware,0.800000,0.600000,0.400000,0.300000,0.800000,0.000000,0.600000,0.500000
37,zh,Science & Technology,0.777778,0.555556,0.555556,0.555556,0.222222,0.444444,0.333333,0.492063
83,zh,History,0.500000,0.400000,0.700000,0.600000,0.500000,0.500000,0.200000,0.485714
61,zh,Education & Jobs,0.636364,0.272727,0.727273,0.727273,0.181818,0.454545,0.363636,0.480519
54,en,Education & Jobs,0.545455,0.545455,0.636364,0.454545,0.545455,0.363636,0.272727,0.480519
67,zh,Health,0.384615,0.461538,0.384615,0.615385,0.384615,0.769231,0.307692,0.472527
45,zh,Software Development,0.600000,0.200000,0.500000,0.200000,0.600000,0.800000,0.400000,0.471429
48,en,Software Development,0.500000,0.500000,0.500000,0.600000,0.600000,0.300000,0.300000,0.471429
31,zh,Science & Technology,0.666667,0.500000,0.500000,0.500000,0.333333,0.500000,0.250000,0.464286
10,en,Finance & Business,0.529412,0.529412,0.470588,0.470588,0.235294,0.411765,0.588235,0.462185
23,zh,Science & Technology,0.800000,0.400000,0.400000,0.600000,0.500000,0.200000,0.300000,0.457143
33,zh,Science & Technology,0.700000,0.700000,0.400000,0.400000,0.600000,0.300000,0.100000,0.457143
93,zh,Industrial,0.642857,0.357143,0.357143,0.428571,0.500000,0.428571,0.428571,0.448980
106,en,Entertainment,0.733333,0.733333,0.533333,0.400000,0.200000,0.266667,0.266667,0.447619
89,zh,Hardware,0.541667,0.541667,0.541667,0.291667,0.291667,0.541667,0.375000,0.446429
118,en,Religion,0.352941,0.411765,0.529412,0.588235,0.352941,0.529412,0.352941,0.445378
125,zh,Social Life,0.333333,0.400000,0.800000,0.533333,0.400000,0.400000,0.200000,0.438095
85,zh,History,0.611111,0.611111,0.500000,0.222222,0.555556,0.388889,0.166667,0.436508
103,zh,Crime & Law,0.555556,0.444444,0.222222,0.555556,0.555556,0.333333,0.333333,0.428571
108,en,Transportation,0.400000,0.500000,0.700000,0.100000,0.400000,0.600000,0.300000,0.428571
112,en,Sports & Fitness,0.666667,0.111111,0.444444,0.555556,0.555556,0.000000,0.666667,0.428571
6,en,Finance & Business,0.307692,0.307692,0.538462,0.384615,0.615385,0.461538,0.384615,0.428571
46,en,Software Development,0.444444,0.555556,0.333333,0.444444,0.444444,0.333333,0.333333,0.412698
121,zh,Travel,0.333333,0.388889,0.444444,0.777778,0.444444,0.333333,0.111111,0.404762
95,zh,Industrial,0.600000,0.300000,0.300000,0.500000,0.400000,0.400000,0.300000,0.400000
41,zh,Software Development,0.444444,0.333333,0.555556,0.444444,0.444444,0.222222,0.333333,0.396825
29,zh,Science & Technology,0.583333,0.416667,0.250000,0.416667,0.333333,0.500000,0.166667,0.380952
18,en,Science & Technology,0.363636,0.363636,0.636364,0.272727,0.363636,0.272727,0.363636,0.376623
107,zh,Transportation,0.500000,0.250000,0.500000,0.375000,0.375000,0.250000,0.375000,0.375000
51,zh,Software Development,0.500000,0.375000,0.500000,0.250000,0.250000,0.375000,0.375000,0.375000
110,en,Sports & Fitness,0.416667,0.500000,0.250000,0.750000,0.333333,0.083333,0.250000,0.369048
62,en,Health,0.500000,0.500000,0.500000,0.416667,0.500000,0.000000,0.166667,0.369048
87,zh,Hardware,0.500000,0.333333,0.333333,0.500000,0.166667,0.500000,0.250000,0.369048
5,zh,Finance & Business,0.300000,0.400000,0.500000,0.500000,0.350000,0.300000,0.200000,0.364286
1,zh,Finance & Business,0.500000,0.500000,0.192308,0.461538,0.230769,0.384615,0.269231,0.362637
78,en,Literature,0.200000,0.533333,0.266667,0.466667,0.466667,0.400000,0.200000,0.361905
122,en,Home & Hobbies,0.357143,0.214286,0.500000,0.285714,0.357143,0.500000,0.285714,0.357143
26,en,Science & Technology,0.300000,0.800000,0.500000,0.400000,0.100000,0.100000,0.300000,0.357143
104,en,Crime & Law,0.230769,0.615385,,,0.461538,0.461538,0.000000,0.353846
113,zh,Software,0.176471,0.647059,0.470588,0.294118,0.470588,0.058824,0.352941,0.352941
109,zh,Transportation,0.400000,0.300000,0.300000,0.400000,0.400000,0.300000,,0.350000
130,en,Food & Dining,0.555556,0.333333,0.444444,0.555556,0.222222,0.222222,0.111111,0.349206
20,en,Science & Technology,0.333333,0.555556,0.444444,0.222222,0.444444,0.222222,0.222222,0.349206
80,en,History,0.454545,0.363636,0.727273,0.090909,0.454545,0.000000,,0.348485
131,zh,Fashion & Beauty,0.125000,0.625000,0.687500,0.562500,0.000000,0.375000,0.062500,0.348214
66,en,Health,0.600000,0.300000,0.300000,0.400000,0.300000,0.300000,0.200000,0.342857
42,en,Software Development,0.476190,0.333333,0.428571,0.142857,0.619048,0.095238,0.285714,0.340136
99,zh,Art & Design,0.235294,0.352941,0.176471,0.588235,0.235294,0.470588,0.294118,0.336134
98,en,Art & Design,0.384615,0.384615,0.384615,0.384615,0.384615,0.384615,0.000000,0.329670
128,en,Food & Dining,0.285714,0.428571,0.428571,0.142857,0.428571,0.428571,0.142857,0.326531
36,en,Science & Technology,0.571429,0.285714,0.142857,0.571429,0.142857,0.142857,0.428571,0.326531
111,zh,Sports & Fitness,0.222222,0.277778,0.277778,0.277778,0.500000,0.388889,0.333333,0.325397
53,zh,Education & Jobs,0.500000,0.250000,0.375000,0.625000,0.000000,0.250000,0.250000,0.321429
116,en,Religion,0.352941,0.294118,0.411765,0.294118,0.411765,0.294118,0.176471,0.319328
50,en,Software Development,0.307692,0.230769,0.384615,0.384615,0.384615,0.230769,0.307692,0.318681
9,zh,Finance & Business,0.414634,0.317073,0.512195,0.170732,0.414634,0.292683,0.097561,0.317073
28,en,Science & Technology,0.294118,0.470588,0.352941,0.235294,0.352941,0.294118,0.176471,0.310924
81,zh,History,0.263158,0.421053,0.105263,0.210526,0.526316,0.315789,0.315789,0.308271
74,en,Literature,0.363636,0.545455,0.363636,0.363636,0.181818,0.090909,0.090909,0.285714
8,en,Finance & Business,0.363636,0.363636,0.909091,0.000000,0.000000,0.363636,0.000000,0.285714
63,zh,Health,0.263158,0.263158,0.315789,0.210526,0.263158,0.368421,0.263158,0.278195
34,en,Science & Technology,0.523810,0.380952,0.238095,0.190476,0.428571,0.000000,0.142857,0.272109
32,en,Science & Technology,0.300000,0.300000,0.200000,0.400000,0.400000,0.200000,0.100000,0.271429
3,zh,Finance & Business,0.500000,0.000000,0.250000,0.250000,0.125000,0.500000,0.250000,0.267857
101,zh,Games,0.333333,0.333333,0.166667,0.166667,0.250000,0.250000,0.250000,0.250000
17,zh,Science & Technology,0.375000,0.125000,0.250000,0.000000,0.250000,0.250000,0.375000,0.232143
73,zh,Health,0.125000,0.125000,0.250000,0.500000,0.250000,0.250000,0.125000,0.232143
82,en,History,0.153846,0.230769,,0.307692,0.230769,0.230769,0.230769,0.230769
120,en,Travel,0.000000,0.400000,0.400000,0.000000,0.000000,0.400000,0.400000,0.228571
65,zh,Health,0.000000,0.272727,0.181818,0.454545,0.181818,0.272727,0.090909,0.207792
2,en,Finance & Business,0.294118,0.176471,0.470588,0.058824,0.235294,0.117647,0.058824,0.201681
79,zh,Literature,0.214286,0.285714,,,0.214286,0.142857,0.142857,0.200000
55,zh,Education & Jobs,0.200000,0.300000,0.000000,0.400000,0.100000,0.200000,0.100000,0.185714
27,zh,Science & Technology,0.125000,0.125000,0.750000,0.000000,0.125000,0.083333,0.041667,0.178571
91,zh,Hardware,0.000000,0.666667,0.000000,0.333333,0.222222,0.000000,0.000000,0.174603
115,zh,Religion,0.222222,0.111111,0.111111,0.111111,0.111111,0.333333,0.111111,0.158730
97,zh,Art & Design,0.250000,0.125000,,0.187500,0.062500,0.187500,0.062500,0.145833
126,en,Social Life,0.000000,0.500000,0.000000,0.000000,0.000000,0.500000,0.000000,0.142857
4,en,Finance & Business,0.181818,0.272727,0.000000,0.090909,0.181818,0.000000,0.000000,0.103896
7,zh,Finance & Business,0.100000,0.000000,0.000000,0.200000,0.000000,0.000000,0.000000,0.042857
25,zh,Science & Technology,0.000000,0.187500,0.000000,0.000000,0.000000,0.000000,0.000000,0.026786
94,en,Industrial,0.027027,0.094595,0.013514,0.027027,0.000000,0.013514,0.000000,0.025097
avg,,,0.519118,0.498501,0.494317,0.480439,0.444725,0.425009,0.358864,0.460088
